{
    "time": "2022-12-30",
    "final_pairs": {
        "CLDX,FSK": [
            1.0621286922019588,
            2.2724922369654466
        ],
        "WIRE,MLI": [
            1.2673862948897392,
            2.2291681053226657
        ],
        "INCY,VRTX": [
            1.0845115852060738,
            0.2693580877045966
        ],
        "NTR,ICL": [
            1.3081894880817626,
            9.648797946343832
        ],
        "ALBO,IBTX": [
            1.1445583159674548,
            0.3391913727178776
        ],
        "TNL,VAC": [
            1.46020748284146,
            0.2658806112328361
        ],
        "EQC,CCF": [
            1.3760391731502324,
            0.2865446538120731
        ],
        "UMH,TSM": [
            1.8176958975080888,
            0.21425458550807003
        ]
    }
}