{
    "time": "2023-01-26",
    "final_pairs": {
        "MELI,TPL": 5.696697978475366,
        "GGAL,MMYT": 5.072781736158694,
        "HCM,VRNA": 4.597138698339721,
        "COHR,INVA": 3.807178258050767,
        "LX,BZUN": 3.8001820182049553,
        "NVDA,MSFT": 3.7666915012434052,
        "BKNG,AZO": 2.4294130611168785,
        "NFLX,GS": 2.4199755447819498,
        "NTR,EQNR": 2.4088741490437076,
        "AUB,BFC": 2.385988685276807,
        "CNTY,MCRI": 2.3715522422151003,
        "CCU,BTI": 2.348146260322302,
        "SBGI,CAJ": 2.088257982378807,
        "OWL,TECH": 2.0728764389633696,
        "MTDR,SM": 2.02527183838852,
        "CENX,AA": 2.000973297224887,
        "TEAM,MDB": 1.8120729686055204,
        "FRO,EURN": 1.7524255348001014,
        "CNK,ORC": 1.722613632919163,
        "ZG,TOL": 1.6627898255060662,
        "OBNK,PFC": 1.613748053493593,
        "MHO,DHI": 1.5582812953591072,
        "CHCO,TRMK": 1.5348213936539656,
        "OCFC,INDB": 1.5249989569049307,
        "CZR,GDEN": 1.4994509592870324,
        "BRY,MGY": 1.4378054959187974,
        "OLLI,MED": 1.422438091813879,
        "COGT,KODK": 1.4065381969875594,
        "WSO,MMM": 1.376488007051534,
        "DX,PTMN": 1.2705547694240877,
        "IRS,CEPU": 1.2544342812897828,
        "PVH,CPRI": 1.2194621828428895,
        "RES,PUMP": 1.2085414988169,
        "ZEUS,TMST": 1.1932180238276209,
        "LH,DGX": 1.172601820285226,
        "WELL,EVRG": 1.108529752396517,
        "CLF,X": 1.077110461442381,
        "PR,CVE": 1.0677124865340273,
        "CRI,HSY": 1.044784699207677,
        "FLL,RRR": 1.0099609282170308,
        "MOFG,SRCE": 1.0057743344747843,
        "ACGLO,FITBI": 1.0034694613441808
    }
}