{
    "time": "2023-02-10",
    "final_pairs": {
        "CMCM,FNV": 6.237652922378176,
        "RPD,WRLD": 5.652520241761913,
        "META,AMZN": 5.047108891579467,
        "DHT,EURN": 4.107492659614395,
        "TSLA,GOOG": 3.618242015346948,
        "CNTY,PENN": 3.565068327026458,
        "HP,PDS": 3.158362288554269,
        "PVH,CPRI": 2.864879085116324,
        "LSI,CUBE": 2.8527439397497574,
        "NVDA,GOOGL": 2.6269680014270156,
        "CDMO,TSE": 2.6125488874678235,
        "MSGS,SNDX": 2.608191831496022,
        "GOOS,HBI": 2.4844698396318288,
        "AEO,TDS": 2.3749572437698285,
        "HSY,CRI": 2.315339408341999,
        "NVT,LIN": 2.272929058204016,
        "BK,MMYT": 2.1373774677940633,
        "IBTX,GLPG": 1.984816323955812,
        "SLAB,TER": 1.947389281590579,
        "EQNR,NTR": 1.946949412442276,
        "WYNN,MLCO": 1.788283591449886,
        "NTES,JD": 1.5768905648260645,
        "LPL,KT": 1.4290098437217327,
        "MGEE,BKH": 1.4249187398458631,
        "AZO,BLK": 1.3656239372872414,
        "BJRI,CAKE": 1.2785830678723684,
        "RCL,CCL": 1.2723092390996675,
        "DELL,BKE": 1.2450148820710953,
        "HTHT,YUMC": 1.152656621423484,
        "SBSW,CMP": 1.1523826048426027,
        "FLL,CHDN": 1.1277448657140965,
        "BSAC,CIB": 1.096314642346672,
        "MSCI,MCO": 1.072022521647606,
        "FTS,D": 1.0607345212734753,
        "MO,BTI": 1.028820459177984,
        "ZEUS,TMST": 1.017404689790445
    }
}