{
    "time": "2023-02-13",
    "final_pairs": {
        "RPD,WRLD": 7.162164478078343,
        "META,AMZN": 5.58328732057794,
        "DHT,EURN": 4.143637858988668,
        "MGM,PENN": 3.4619115998903554,
        "RRX,TNC": 3.220582949782827,
        "MSGS,SNDX": 3.080157562002117,
        "BIOX,CMP": 3.0089722432014714,
        "TSLA,GOOG": 2.8382117486333587,
        "SLAB,TER": 2.784497749542218,
        "LSI,CUBE": 2.75498245461201,
        "PVH,CPRI": 2.4835903580650815,
        "MSFT,GOOGL": 2.451162964531211,
        "BK,MMYT": 2.3554495237753574,
        "ON,NXPI": 2.342270939824119,
        "HP,PDS": 2.3141048470675614,
        "FTS,BKH": 2.2729109175731668,
        "MBIN,KREF": 2.0872176808810505,
        "IBTX,GLPG": 2.0342056104279176,
        "CEVA,SBSW": 1.6971336798284988,
        "CBU,CIM": 1.6810173315757868,
        "AEO,TDS": 1.6610778200984564,
        "AGI,BTG": 1.6423029209740299,
        "WYNN,CCU": 1.6041117728026248,
        "CMCM,BCH": 1.5642483154940754,
        "HTHT,YUMC": 1.5032857684201215,
        "AZO,MELI": 1.4985426386335832,
        "HSY,KO": 1.40866686129537,
        "AZN,AMGN": 1.3701595144815917,
        "BSAC,CIB": 1.3215183533736674,
        "MO,MLCO": 1.3159185284735806,
        "ZTO,JD": 1.3093958234624155,
        "KKR,CG": 1.2920413101928128,
        "FCF,HTLF": 1.2343730515147309,
        "LPL,KT": 1.2165754596534384,
        "IP,WRK": 1.156542162705959,
        "CHCO,VMI": 1.155043920456725,
        "PSX,CVX": 1.1034371491049997,
        "KODK,COGT": 1.0965268785993976,
        "RCL,CUK": 1.0218397148956235
    }
}