{
    "time": "2022-12-26",
    "final_pairs": {
        "META,TSLA": [
            2.461162638907324,
            0.6377853265799863
        ],
        "MLCO,WYNN": [
            1.667557893338858,
            0.10906919617843107
        ],
        "PLL,ACET": [
            1.5384768208276707,
            3.7542551635080503
        ],
        "MDB,TEAM": [
            1.6310042349910352,
            1.1562712752219186
        ],
        "CLDX,FSK": [
            2.165806484771082,
            1.922499060667749
        ],
        "MSGS,MNTV": [
            1.8993719740901536,
            21.778916683120617
        ],
        "GGAL,MMYT": [
            3.2859543666777147,
            0.27262729460492746
        ],
        "TOL,ZG": [
            1.8857879399337012,
            1.4072367775116614
        ],
        "PATK,THO": [
            2.2194987706985616,
            0.6449449086393089
        ],
        "APA,SM": [
            2.005595563523579,
            1.0843615534196946
        ],
        "FLL,CZR": [
            2.759925070635506,
            0.1554232431549859
        ],
        "TRTN,INN": [
            2.225573949386938,
            8.048703914165452
        ],
        "PBF,CVI": [
            1.837001270266672,
            1.1900783342538657
        ],
        "WTM,CMG": [
            2.246358328923055,
            0.9057286004590237
        ],
        "AVGO,COST": [
            1.998661701299745,
            1.0182363098414544
        ],
        "NVO,WCN": [
            2.03822146524957,
            0.8602047261943084
        ],
        "SAND,RBC": [
            1.5317511088120677,
            0.02241313896183578
        ],
        "QFIN,FINV": [
            1.6918799242220652,
            3.1063660699256674
        ],
        "TAL,EDU": [
            0.5430055130759333,
            0.19352916223862937
        ],
        "TFSL,CIM": [
            2.803139085770422,
            2.1739206469838246
        ],
        "COGT,KODK": [
            1.907856006595805,
            2.8786751282549368
        ],
        "SJW,CWT": [
            2.4711897524610515,
            1.1861923043602582
        ],
        "EVRG,BCE": [
            1.7460848680369252,
            1.3425708395993323
        ],
        "MPC,DINO": [
            1.7312152383613533,
            1.9884298578531239
        ],
        "MSFT,CRM": [
            1.1666477659526704,
            1.6507321997291464
        ],
        "SPR,SABR": [
            0.8035278511488387,
            4.671045901883631
        ],
        "AU,GFI": [
            1.714657324003854,
            1.6897539842953178
        ],
        "EAT,BJRI": [
            1.8436546893354242,
            1.0753710174633118
        ],
        "SU,IMO": [
            0.42625947088457067,
            0.6365330053826445
        ],
        "VGR,UVV": [
            2.441101433827072,
            0.20036526348052006
        ],
        "AXSM,TSM": [
            1.546881131116028,
            0.8213432784475886
        ],
        "PK,PEB": [
            2.424507982167065,
            0.7976583015155697
        ],
        "MTH,LGIH": [
            2.6049011579353976,
            0.8820233172224161
        ]
    }
}