{
    "time": "2023-02-14",
    "final_pairs": {
        "META,GOOG": 5.566457338523776,
        "RPD,WRLD": 5.400610536038111,
        "DHT,EURN": 5.0732783107531825,
        "CNTY,PENN": 4.115808012711976,
        "TSLA,GOOGL": 3.3378929811569047,
        "SLAB,TER": 2.999134414397424,
        "RRX,TNC": 2.9983985796223567,
        "NVDA,AMZN": 2.9160496087018624,
        "LSI,CUBE": 2.761740716227041,
        "GPN,FIS": 2.626288122099589,
        "MSGS,SNDX": 2.597317090473006,
        "FTS,BKH": 2.5236165959108883,
        "PVH,CPRI": 2.5082262150094397,
        "BK,MMYT": 2.469285341116504,
        "HP,PDS": 2.3793073263416322,
        "ON,NXPI": 2.3176553094083725,
        "CEVA,SBSW": 2.0552055721312406,
        "AEO,TDS": 2.003155536134302,
        "BIOX,CMP": 1.948868950923744,
        "IBTX,GLPG": 1.7956231673557073,
        "MBIN,KREF": 1.762446067600241,
        "AZO,MELI": 1.6728493036116943,
        "AZN,AMGN": 1.657470659847301,
        "CBU,ORC": 1.4785541768439645,
        "SKY,CVCO": 1.4633204652743075,
        "IP,WRK": 1.3224280748992698,
        "PXD,COP": 1.311858288019818,
        "MO,LVS": 1.3096222142612775,
        "AGI,BTG": 1.3053046264160841,
        "BSAC,CIB": 1.29077969273425,
        "HSY,ABT": 1.2853443939162066,
        "CMCM,BCH": 1.188009547321623,
        "ZTO,JD": 1.1082511098607175,
        "ZEUS,TMST": 1.1077859787655793,
        "HCC,ARCH": 1.1076073018445403,
        "LPL,KT": 1.09907930507169,
        "CLX,GIS": 1.095435059287628,
        "CHCO,RGLD": 1.0758087117680297,
        "KODK,COGT": 1.0748826943376395,
        "FCF,HTLF": 1.0670663764371173,
        "WYNN,BUD": 1.0656107066143474,
        "XEL,D": 1.0584841796857094,
        "MTH,KBH": 1.029536604345291
    }
}