{
    "time": "2022-12-21",
    "final_pairs": {
        "PLL,ACET": [
            6.7466856695002635,
            3.975908129029481
        ],
        "MLCO,WYNN": [
            5.684555832283499,
            0.11788884150289994
        ],
        "CLDX,FSK": [
            4.2562194101260555,
            2.048242981578845
        ],
        "MDB,TEAM": [
            3.3653484285830775,
            1.2980466804690436
        ],
        "META,TSLA": [
            3.1826164324307213,
            0.6868470297912251
        ],
        "FE,FBP": [
            2.5831694964023337,
            2.9345453642628647
        ],
        "NVDA,CRM": [
            2.2684383581097554,
            1.2038003251088507
        ],
        "PATK,THO": [
            2.253476699653297,
            0.6935557738711837
        ],
        "AVGO,ACN": [
            2.1307217865527823,
            1.883709448704884
        ],
        "FFWM,F": [
            2.0471445335281295,
            1.0668208658557647
        ],
        "EAT,BJRI": [
            2.016061885149503,
            1.1325891490236906
        ]
    }
}