{
    "time": "2023-01-27",
    "final_pairs": {
        "MELI,TPL": 6.144061622408024,
        "HCM,VRNA": 5.57439798313753,
        "GGAL,MMYT": 4.27398722983119,
        "LX,BZUN": 3.5988561131506054,
        "COHR,INVA": 3.5377790691753983,
        "NVDA,GS": 3.47232949413385,
        "TSLA,MSFT": 2.712855541206909,
        "CNTY,MCRI": 2.609414433519187,
        "NTR,EQNR": 2.5232303147014585,
        "AUB,BFC": 2.377699700455897,
        "CCU,BTI": 2.334671305287838,
        "MTDR,SM": 2.2076577224805383,
        "BKNG,AZO": 2.153009400265906,
        "CENX,AA": 2.0992710915644093,
        "OWL,TECH": 2.009321102402725,
        "ZG,TOL": 1.934260317413635,
        "RCII,CNOB": 1.9276726211299187,
        "DDD,SSYS": 1.9088492967146118,
        "OCFC,WASH": 1.871899754183861,
        "FRO,EURN": 1.8230515478742315,
        "IRS,CEPU": 1.8056742158599797,
        "CZR,GDEN": 1.564112176576548,
        "GDS,TME": 1.4986957351190895,
        "CHCO,TRMK": 1.4560014342822591,
        "MHO,DHI": 1.4508234328527048,
        "TEAM,MDB": 1.3962421524970816,
        "DX,TFSL": 1.3537331962217891,
        "WSO,MMM": 1.3339501101900288,
        "ACA,PFC": 1.2922606247455137,
        "CNK,ORC": 1.251145067965965,
        "COGT,KODK": 1.1859566255112943,
        "WELL,OCSL": 1.1714951971566245,
        "EFSC,IBCP": 1.1588097411651894,
        "BRY,MGY": 1.1576716287340088,
        "PKX,SKM": 1.1392722859825888,
        "PR,OVV": 1.1206513451396953,
        "CLF,X": 1.1150691254066925,
        "OLLI,MED": 1.1036347737673058,
        "CMG,FCNCA": 1.0061708364176432,
        "ACGLO,FITBI": 1.000203187814196
    }
}