{
    "time": "2022-12-25",
    "final_pairs": {
        "IMAX,CNK": [
            2.2897438655714626,
            1.3473841110596854
        ],
        "META,TSLA": [
            2.1707043665955474,
            0.7222773372893174
        ],
        "FLL,CZR": [
            2.127237556761465,
            0.15869368550877966
        ],
        "SPR,SABR": [
            1.9348197882074993,
            4.564364689295532
        ],
        "CLDT,PEB": [
            1.8533128017280904,
            0.8554882757435387
        ],
        "INVA,COHR": [
            1.8314078920994479,
            0.37109272060563
        ],
        "PRIM,AMAL": [
            1.8054766396429844,
            0.8563777141845195
        ],
        "TAK,CWEN": [
            1.7148603709216905,
            0.4474481848267888
        ],
        "WTM,CMG": [
            1.7010806018175724,
            0.8950064090720338
        ],
        "TFSL,CIM": [
            1.6915052014279572,
            2.1413342114145886
        ],
        "SAND,RBC": [
            1.640654244813247,
            0.023800712978778494
        ],
        "CVE,SM": [
            1.615083674941373,
            0.5036281937635995
        ],
        "PBF,CVI": [
            1.5968958972673495,
            1.1571885469278445
        ],
        "PATK,THO": [
            1.5422862208708075,
            0.712048718331522
        ],
        "MDB,TEAM": [
            1.5220523900248497,
            1.3333141198937533
        ],
        "SO,BCE": [
            1.5206583379311465,
            1.5205787594218865
        ],
        "TRTN,INN": [
            1.4955521495492554,
            8.587140492048977
        ],
        "HOV,NTB": [
            1.4399070028497714,
            1.4206146285258021
        ],
        "AU,GFI": [
            1.3326125887481044,
            1.7443986349689884
        ],
        "BOX,HRB": [
            1.299493017395076,
            0.7177967671273079
        ],
        "NVO,ZTS": [
            1.2992275052081341,
            0.8607044045543798
        ],
        "SJW,CWT": [
            1.2977022109516123,
            1.2414290686685392
        ],
        "TOL,RCII": [
            1.2258113614121962,
            2.130590956335708
        ],
        "EVRG,ACA": [
            1.175559095210491,
            1.0511980480637824
        ],
        "CLDX,FSK": [
            1.1735475606782277,
            2.1479031341030383
        ],
        "PLL,ACET": [
            1.1311775364288967,
            4.248015322762999
        ],
        "MPC,DINO": [
            1.1211575200264225,
            2.1444206815327798
        ],
        "TAL,EDU": [
            1.0442926713515728,
            0.20703851540970247
        ],
        "VGR,UVV": [
            1.0389371601195123,
            0.20478770741482172
        ],
        "PFBC,VBTX": [
            1.0147097921566677,
            2.4898570022062985
        ]
    }
}