{
    "time": "2022-12-22",
    "final_pairs": {
        "FLL,CZR": [
            2.5976332746063497,
            0.15696293153167074
        ],
        "CLDT,PEB": [
            2.4585184184237048,
            0.8454108384458492
        ],
        "META,TSLA": [
            2.4229126495191653,
            0.7004306226958051
        ],
        "INVA,COHR": [
            2.3154459184494742,
            0.36795115354774965
        ],
        "TAL,EDU": [
            2.0831968870945143,
            0.2061476154338686
        ],
        "IMAX,CNK": [
            2.0400440147826524,
            1.3161136125411796
        ],
        "TRTN,INN": [
            1.9392355236240735,
            8.468205163328234
        ],
        "PBF,CVI": [
            1.82661395823444,
            1.1503228578094655
        ],
        "PRIM,AMAL": [
            1.7968282089250838,
            0.8493704700249279
        ],
        "WTM,CMG": [
            1.7728091439424507,
            0.8934121862843616
        ],
        "HOV,NTB": [
            1.7695452626103214,
            1.4077825556859669
        ],
        "CLDX,FSK": [
            1.7685317414127426,
            2.0911515498162667
        ],
        "PATK,THO": [
            1.768099925210324,
            0.7010916781641215
        ],
        "TAK,CWEN": [
            1.7486997865985094,
            0.44173896144910224
        ],
        "CVE,SM": [
            1.7115096909820537,
            0.49743597629688335
        ],
        "MDB,TEAM": [
            1.6983666423293409,
            1.310267620868489
        ],
        "SPR,SABR": [
            1.6272088503895554,
            4.582104198344955
        ],
        "SO,BCE": [
            1.5437234410814173,
            1.5054099449803413
        ],
        "TFSL,CIM": [
            1.532003204634035,
            2.1244645663324215
        ],
        "NVO,ZTS": [
            1.4972297423777237,
            0.8509017405433669
        ],
        "SJW,CWT": [
            1.476710725558697,
            1.2293833808165306
        ],
        "SAND,RBC": [
            1.4546876882944255,
            0.023506401901025743
        ],
        "BOX,HRB": [
            1.453638371979706,
            0.7088105014245467
        ],
        "PFBC,VBTX": [
            1.4092691060054146,
            2.4654740623504976
        ],
        "TOL,RCII": [
            1.3503540319955525,
            2.125517487150551
        ],
        "MPC,DINO": [
            1.3407804882495808,
            2.1191668778555064
        ],
        "EVRG,ACA": [
            1.3117582429135224,
            1.0414852182402132
        ],
        "AU,GFI": [
            1.2876050591693065,
            1.7311002015889945
        ],
        "AVGO,COST": [
            1.2481068874161028,
            1.1054394849576936
        ],
        "ATCO,OBNK": [
            1.1933675865519053,
            0.39867519349030484
        ],
        "VGR,UVV": [
            1.1690236047993463,
            0.2026373867011064
        ],
        "PLL,ACET": [
            1.159622282341902,
            4.090885049535629
        ],
        "MLCO,WYNN": [
            1.0925282669998608,
            0.12064692041672863
        ],
        "QFIN,FINV": [
            1.0120097137857835,
            3.532561997884788
        ]
    }
}