{
    "time": "2023-02-17",
    "final_pairs": {
        "DHT,EURN": 5.186253682030732,
        "TSLA,AMZN": 3.8034523778684126,
        "MRCY,CMP": 3.791920664258822,
        "META,GOOG": 3.436425425841722,
        "RPD,WRLD": 3.2183498986868475,
        "RRX,VLO": 3.168121161894653,
        "LPL,KT": 2.6597401592093295,
        "MGM,PENN": 2.5599565394226502,
        "NVDA,GOOGL": 2.559092738356214,
        "PVH,CPRI": 2.4724573113025823,
        "MSGS,SNDX": 2.4178374621163576,
        "CMCM,BCH": 2.267602962804635,
        "NVT,WAB": 2.2662031306716024,
        "SKY,CVCO": 2.2611395265223257,
        "KODK,COGT": 2.1385638459377403,
        "HP,PDS": 2.12963609595148,
        "LSI,CUBE": 2.1027888580162633,
        "SLAB,TER": 2.0904470137796642,
        "BSAC,CIB": 2.085941538977516,
        "STNG,INSW": 2.0335928971514052,
        "VGR,MLCO": 2.0001476738492134,
        "ROCC,DVN": 1.9266525964756274,
        "PKX,SKM": 1.8108193178296572,
        "IBTX,GLPG": 1.6759947698000137,
        "GPN,FIS": 1.6411594440800406,
        "AZO,MKL": 1.562664599174762,
        "ETR,BKH": 1.5539682612753203,
        "ZEUS,TMST": 1.5442858256474443,
        "HTHT,YUMC": 1.453322154583457,
        "AEO,TDS": 1.45325453509846,
        "FCF,HTLF": 1.394876845322117,
        "MOS,CPE": 1.3832975191700374,
        "CRNX,MRSN": 1.383240652255946,
        "ON,NXPI": 1.3783723996081256,
        "COHR,INN": 1.3316374666839095,
        "WIRE,MLI": 1.3252271269325886,
        "OLLI,SYF": 1.3115508256672779,
        "AZN,AMGN": 1.2748258986825172,
        "BLMN,RUTH": 1.271909408388577,
        "APTV,RGLD": 1.2265042612955837,
        "CEVA,SBSW": 1.2237772322155045,
        "AGI,BTG": 1.2207539595881163,
        "NEX,RES": 1.1936625070526081,
        "NCLH,CCL": 1.1589121693774345,
        "CLX,GIS": 1.1233478616044426,
        "MBIN,KREF": 1.1170344884326355,
        "HUBB,AME": 1.104046279137916,
        "CBU,ARR": 1.096969946553095,
        "GGAL,MMYT": 1.075719069908929,
        "HSY,ABT": 1.0252672804851326,
        "BKR,BIOX": 1.020636656023197,
        "URI,HRI": 1.017067819489764
    }
}