{
    "time": "2022-12-30",
    "final_pairs": {
        "ITCI,AUPH": [
            2.1658610263518505,
            9.182685347689617
        ],
        "HLIO,PIPR": [
            2.1229153014705395,
            0.41739102570959913
        ],
        "ODFL,SAIA": [
            2.112409807072373,
            1.306664770159317
        ],
        "PK,XHR": [
            2.1943859635558893,
            0.8103946475688086
        ],
        "RRC,EQT": [
            1.838335312797453,
            0.6831731237770304
        ],
        "CLBK,CATC": [
            1.4520570925560992,
            0.2521465162867908
        ],
        "DTE,NGG": [
            1.2979633484363013,
            1.9950211142114465
        ],
        "MED,SYF": [
            1.082780009198131,
            3.3778151202798075
        ],
        "BIO,IDXX": [
            2.1165661848545345,
            1.0477539107430351
        ],
        "SBRA,LTC": [
            1.7643551776022188,
            0.3337723217002667
        ],
        "ZION,FITB": [
            1.1801114624162174,
            1.4754373940049368
        ],
        "HE,BKH": [
            1.489964532838116,
            0.5739432917278561
        ],
        "VRSK,CWST": [
            1.8040174048227595,
            2.1882085768548425
        ],
        "AMT,SBAC": [
            1.8441569902901038,
            0.7436197780052145
        ],
        "FISI,HBNC": [
            1.3318350182041658,
            1.4903032577108624
        ],
        "ALBO,IBTX": [
            1.5916478635692033,
            0.333385769668101
        ],
        "TMO,EQIX": [
            2.1136192923861246,
            0.8652503034152458
        ],
        "STWD,BXMT": [
            1.5567998902586682,
            0.8437865323479755
        ],
        "D,FTS": [
            1.8908342981481023,
            1.6029019573808774
        ],
        "AKR,RPT": [
            2.4882030757482907,
            1.438277348097451
        ],
        "CENTA,CENT": [
            1.183420335759846,
            0.9501311580173952
        ],
        "CPE,MOS": [
            1.1523266306759963,
            0.8301835375424961
        ]
    }
}