{
    "time": "2022-12-26",
    "final_pairs": {
        "SPR,SABR": [
            2.5659127620174935,
            4.587211887146022
        ],
        "META,TSLA": [
            2.420242092779769,
            0.7375606984176847
        ],
        "MSGS,MNTV": [
            2.327089825324232,
            22.467963882525694
        ],
        "SAND,RBC": [
            2.2667704657415393,
            0.02394860143961622
        ],
        "FLL,CZR": [
            2.150587707661716,
            0.1600410368936769
        ],
        "GGAL,MMYT": [
            2.1462609129036165,
            0.2819926905973657
        ],
        "MTH,LGIH": [
            2.0163829602095222,
            0.9109389091045683
        ],
        "PK,PEB": [
            2.0072864111515916,
            0.8059622114771214
        ],
        "PATK,THO": [
            1.7869537814204073,
            0.7169636655778505
=======
        "META,TSLA": [
            2.5647664963188666,
            0.7389023394724328
        ],
        "SPR,SABR": [
            2.4841202740738333,
            4.586150764375113
        ],
        "MSGS,MNTV": [
            2.4800447277706477,
            22.489164871330225
        ],
        "GGAL,MMYT": [
            2.425744746781046,
            0.28242191960065055
        ],
        "SAND,RBC": [
            2.257315002507845,
            0.023947773053916148
        ],
        "MTH,LGIH": [
            2.2288655618569093,
            0.9113810326556658
        ],
        "FLL,CZR": [
            2.0260729766185497,
            0.15994208999125295
        ],
        "PK,PEB": [
            2.0090579768761296,
            0.8059663226341003
>>>>>>> Stashed changes
        ],
        "PATK,THO": [
            1.8406727145181228,
            0.7171410257634349
        ],
<<<<<<< Updated upstream
        "PBF,CVI": [
            1.696402913842042,
            1.164994806597947
        ],
        "TFSL,CIM": [
            1.6445919572021408,
            2.1505160267830528
        ],
        "TOL,ZG": [
            1.6355427268002083,
            1.4147876952972473
        ],
        "APA,SM": [
            1.5706000694366273,
            1.2214243537217846
        ],
        "TRTN,INN": [
            1.4815857764747273,
            8.632314218245792
        ],
        "SJW,CWT": [
            1.407953965942562,
            1.2453333735022827
        ],
        "VGR,UVV": [
            1.316551006521075,
            0.205458908468201
        ],
        "MDB,TEAM": [
            1.3070043451380244,
            1.3429040233939433
        ],
        "AXSM,TSM": [
            1.3025275449229832,
            0.9664639663229573
        ],
        "SU,IMO": [
            1.300206425910072,
            0.6122113667936064
        ],
        "AU,GFI": [
            1.2620671889759676,
            1.7496784829947858
        ],
        "CLDX,FSK": [
            1.2508179127250145,
            2.1661674015434937
        ],
        "MPC,DINO": [
            1.2345493655881417,
            2.151025979474283
        ],
        "NVO,WCN": [
            1.1787946188951834,
            0.933179557309172
        ],
        "EVRG,BCE": [
            1.057965357190432,
            1.3486702960438781
        ],
        "AVGO,COST": [
            1.006374856159752,
            1.1254156071152985
=======
        "SJW,CWT": [
            1.7920533260189897,
            1.2465771917956059
        ],
        "WTM,CMG": [
            1.7708165147802943,
            0.9001249811858458
        ],
        "TOL,ZG": [
            1.7026113345030998,
            1.4152179958935613
        ],
        "PBF,CVI": [
            1.6826251139557733,
            1.1649209008679295
        ],
        "TRTN,INN": [
            1.5838285387821436,
            8.635862336928378
        ],
        "TFSL,CIM": [
            1.5214835214051963,
            2.149734579227412
        ],
        "APA,SM": [
            1.4333102955973966,
            1.2207708725545938
        ],
        "QFIN,FINV": [
            1.4256736445741705,
            3.610928056933986
        ],
        "MPC,DINO": [
            1.3209653819060088,
            2.151530958654072
        ],
        "VGR,UVV": [
            1.3061878054202969,
            0.20545313024975692
        ],
        "COGT,KODK": [
            1.2129978638334973,
            3.252680885423879
        ],
        "AU,GFI": [
            1.1997747200312616,
            1.7493971044753924
        ],
        "SU,IMO": [
            1.1976662969167804,
            0.612029823830236
        ],
        "EVRG,BCE": [
            1.1811856641641112,
            1.3491379009826796
        ],
        "AXSM,TSM": [
            1.1772818771624154,
            0.9661787504176382
        ],
        "MDB,TEAM": [
            1.1730637034221771,
            1.3418441534894767
        ],
        "NVO,WCN": [
            1.1662515150135355,
            0.9331436542282114
        ],
        "CLDX,FSK": [
            1.1215938666767433,
            2.1641459916200096
        ],
        "MLCO,WYNN": [
            1.1048966090998567,
            0.1256036133734004
        ],
        "AVGO,COST": [
            1.082601452765999,
            1.1257161732224013
>>>>>>> Stashed changes
        ]
    }
}
