{
    "time": "2023-02-15",
    "final_pairs": {
        "DHT,EURN": 5.148432233016735,
        "TSLA,GOOG": 5.099162596113882,
        "MRCY,CMP": 4.938158922747263,
        "META,GOOGL": 4.855698340077836,
        "RPD,WRLD": 4.6073295765272535,
        "NVDA,AMZN": 3.96675230669707,
        "BYD,PENN": 3.217040728332482,
        "SLAB,TER": 2.9996374228133877,
        "RRX,TNC": 2.7879620230755906,
        "LSI,CUBE": 2.677099914081406,
        "ON,NXPI": 2.654101808820143,
        "PVH,CPRI": 2.2045613357139078,
        "GGAL,MMYT": 2.14973985865156,
        "GPN,FIS": 2.0421159866822416,
        "URI,HRI": 1.923305709378607,
        "AEO,TDS": 1.8846129277055936,
        "BSAC,SHG": 1.8737423458818576,
        "SKY,CVCO": 1.8257588994203984,
        "MSGS,SNDX": 1.8150551671786197,
        "MBIN,KREF": 1.7284367012633746,
        "BNS,GLPG": 1.711221867163991,
        "SR,BKH": 1.5666842237924272,
        "APTV,RTL": 1.4442137785391738,
        "FTS,D": 1.4407988483307994,
        "NTES,JD": 1.4128067005736873,
        "LPL,KT": 1.405534461417585,
        "PUMP,PTEN": 1.3767583049100365,
        "STNG,INSW": 1.3293078457403116,
        "BKR,BIOX": 1.3143423877946798,
        "CLX,GIS": 1.2561633868420343,
        "HSY,ABT": 1.2529749949399596,
        "AGI,BTG": 1.2321486038206064,
        "IP,WRK": 1.1265553333261533,
        "OIS,CLB": 1.1264742217711272,
        "OXY,COP": 1.1247951224287795,
        "AZO,MKL": 1.1120079333501318,
        "PSX,CVX": 1.0870753135972457,
        "MTH,KBH": 1.0468096652899836,
        "MO,UVV": 1.0160181357297253,
        "CBU,ORC": 1.002670908627645
    }
}