{
    "time": "2022-12-26",
    "final_pairs": {
        "GGAL,MMYT": [
            2.5977700890105635,
            0.2796116076384448
        ],
        "MSGS,MNTV": [
            2.52534568116848,
            22.24158413438699
        ],
        "PK,PEB": [
            2.328511029354008,
            0.8022437120094524
        ],
        "MTH,LGIH": [
            2.246486470239519,
            0.9077365169869298
        ],
        "META,TSLA": [
            2.1707043665955474,
            0.7222773372893174
        ],
        "FLL,CZR": [
            2.127237556761465,
            0.15869368550877966
        ],
        "SPR,SABR": [
            1.9348197882074993,
            4.564364689295532
        ],
        "WTM,CMG": [
            1.7010806018175724,
            0.8950064090720338
        ],
        "TFSL,CIM": [
            1.6915052014279572,
            2.1413342114145886
        ],
        "TOL,ZG": [
            1.6743349595156432,
            1.4057854291484362
        ],
        "SAND,RBC": [
            1.640654244813247,
            0.023800712978778494
        ],
        "PBF,CVI": [
            1.5968958972673495,
            1.1571885469278445
        ],
        "PATK,THO": [
            1.5422862208708075,
            0.712048718331522
        ],
        "MDB,TEAM": [
            1.5220523900248497,
            1.3333141198937533
        ],
        "APA,SM": [
            1.5000878814208678,
            1.21475340717585
        ],
        "TRTN,INN": [
            1.4955521495492554,
            8.587140492048977
        ],
        "NVO,WCN": [
            1.416745049012155,
            0.930036104696736
        ],
        "AU,GFI": [
            1.3326125887481044,
            1.7443986349689884
        ],
        "SU,IMO": [
            1.323112464365952,
            0.610081595490896
        ],
        "SJW,CWT": [
            1.2977022109516123,
            1.2414290686685392
        ],
        "EVRG,BCE": [
            1.267010201051096,
            1.3449209762893244
        ],
        "CLDX,FSK": [
            1.1735475606782277,
            2.1479031341030383
        ],
        "PLL,ACET": [
            1.1311775364288967,
            4.248015322762999
        ],
        "MPC,DINO": [
            1.1211575200264225,
            2.1444206815327798
        ],
        "TAL,EDU": [
            1.0442926713515728,
            0.20703851540970247
        ],
        "VGR,UVV": [
            1.0389371601195123,
            0.20478770741482172
        ]
    }
}