{
    "time": "2022-12-30",
    "final_pairs": {
        "BKNG,TPL": 5.281304799112636,
        "CIM,PTMN": 4.3696120500324085,
        "KB,CIB": 4.346937543863679,
        "META,TSLA": 4.121809949294577,
        "WES,SM": 3.9194960903831215,
        "GGAL,MMYT": 3.8571578728797515,
        "SHYF,DBRG": 3.3689283302538477,
        "GDS,TME": 3.0974388986881145,
        "AVNT,INDT": 2.915150324598084,
        "CENX,AA": 2.768857493829979,
        "CVI,DK": 2.6193033583114755,
        "TAL,EDU": 2.1769995564155113,
        "TSE,CDMO": 2.030626303101398,
        "SAND,GRC": 1.9345264530178052,
        "MGM,GDEN": 1.8927944892524533,
        "PEAK,NXRT": 1.8215707754650112,
        "FANG,ERF": 1.7502050149448731,
        "AMZN,MSFT": 1.7276610785000346,
        "MOS,CPE": 1.71634597008336,
        "BCE,ETR": 1.6959809161908412,
        "ACEL,PENN": 1.6887182686233666,
        "CLF,X": 1.6316866828365395,
        "UE,SITC": 1.603952164331,
        "FWONK,APO": 1.5701200420213695,
        "ACGLO,FITBI": 1.5051417226530672,
        "TEAM,MDB": 1.5036139638663526,
        "EQIX,DHR": 1.4347809263769196,
        "ALBO,IBTX": 1.4257211707714779,
        "SIGI,CNX": 1.4029358617928032,
        "CCL,NCLH": 1.3872290300388657,
        "SCCO,RIO": 1.3774337905063867,
        "EQT,AR": 1.370322721275878,
        "DHT,TNK": 1.2670358703108127,
        "MKC,HSY": 1.0908638033044211,
        "AMGN,HON": 1.0884629816472176,
        "MU,AMAT": 1.0401995348059256,
        "DVN,NEX": 1.0279156948982746,
        "VGR,TAP": 1.0275034052384933
    }
}