{
    "time": "2022-12-21",
    "final_pairs": {
        "META,TSLA": [
            2.197814976481146,
            0.6871667302469225
        ],
        "IMAX,CNK": [
            2.134127112883437,
            1.298757102789704
        ],
        "APA,SM": [
            1.6185375440968848,
            1.183101409652812
        ],
        "AVGO,ACN": [
            1.543560737017527,
            1.8843748332487114
        ],
        "QFIN,FINV": [
            1.5081587653995732,
            3.4919888455469303
        ],
        "MPC,DINO": [
            1.265506686084024,
            2.1027694088711435
        ],
        "FLL,GDEN": [
            1.2493754981055027,
            0.18236055031651552
        ],
        "AU,GFI": [
            1.226877097694632,
            1.7236187533842757
        ],
        "TFSL,CIM": [
            1.0975460251575107,
            2.1160176628820815
        ],
        "MDB,TEAM": [
            1.0335898420886818,
            1.296938413594534
        ],
        "EVRG,BCE": [
            1.0270461614205721,
            1.323527629910136
        ]
    }
}