{
    "time": "2022-12-21",
    "final_pairs": {
        "META,TSLA": [
            2.239665840429052,
            0.6871667302469225
        ],
        "IMAX,CNK": [
            2.1671339862276637,
            1.298757102789704
        ],
        "PBF,CVI": [
            1.8652606123619295,
            1.1438327858694253
        ],
        "AVGO,ACN": [
            1.587539985297595,
            1.8843748332487114
        ],
        "APA,SM": [
            1.584170639841645,
            1.183101409652812
        ],
        "QFIN,FINV": [
            1.3702722380045325,
            3.4919888455469303
        ],
        "AU,GFI": [
            1.3360134967541368,
            1.7236187533842757
        ],
        "STLD,NUE": [
            1.2250441757346289,
            0.7251419668621486
        ],
        "MPC,DINO": [
            1.0965523366711212,
            2.1027694088711435
        ]
    }
}