{
    "time": "2022-12-22",
    "final_pairs": {
        "IMAX,CNK": [
            2.492259837698774,
            1.3193435380780054
        ],
        "FFWM,F": [
            2.0579332849876164,
            1.078649300706619
        ],
        "META,TSLA": [
            1.9702350836574207,
            0.697716152401706
        ],
        "TRTN,INN": [
            1.968564851248737,
            8.469736487810593
        ],
        "PBF,CVI": [
            1.7863057102060673,
            1.1501652445935613
        ],
        "TFSL,CIM": [
            1.5731716652059782,
            2.1250246748692354
        ],
        "FLL,GDEN": [
            1.538277050108639,
            0.1839438728953002
        ],
        "NVR,CMG": [
            1.5215560770789134,
            3.0771878839055167
        ],
        "CLDX,FSK": [
            1.5185591797048392,
            2.0875769054290116
        ],
        "NVO,ZTS": [
            1.4929780582939725,
            0.8509348066926912
        ],
        "QFIN,FINV": [
            1.4921561010047968,
            3.5403559530046764
        ],
        "PATK,THO": [
            1.4801780511012506,
            0.7002735017239792
        ],
        "APA,SM": [
            1.4611664435776812,
            1.1951720434702684
        ],
        "AVGO,ACN": [
            1.4382219891886805,
            1.897891224087084
        ],
        "PLL,ACET": [
            1.4319326563682337,
            4.110233498297284
        ],
        "SJW,CWT": [
            1.4289227453494553,
            1.2297216656502337
        ],
        "FE,FBP": [
            1.4287510573207372,
            2.9736608620442246
        ],
        "EVRG,BCE": [
            1.3997213287274612,
            1.3314657641266487
        ],
        "MDB,TEAM": [
            1.3967061680058055,
            1.3082222677279165
        ],
        "VGR,UVV": [
            1.3961325048237334,
            0.20282189627381456
        ],
        "MPC,DINO": [
            1.3558226041456325,
            2.1194118165910325
        ],
        "AU,GFI": [
            1.3239236799599545,
            1.731315322818771
        ],
        "FLO,FL": [
            1.3209884013561142,
            0.7833329980582572
        ],
        "UNH,COST": [
            1.1642500056711342,
            1.0918174194552144
        ],
        "BEP,BIP": [
            1.0137745176833959,
            0.8039692667450327
        ]
    }
}