{
    "time": "2022-12-30",
    "final_pairs": {
        "BRSP,DBRG": 1.0710143431250811,
        "UL,DEO": 1.3164714663266122,
        "FANG,MRO": 1.4023138971563864,
        "TWO,FNV": 1.15973021107185,
        "PUMP,SOI": 1.1424425062149786,
        "MPC,VLO": 1.2890975892630336,
        "PHM,MHO": 1.1511246867323854,
        "TNK,DHT": 1.145717160540192,
        "WMB,ENB": 1.1538668052770717
    }
}