{
    "time": "2022-12-20",
    "final_pairs": {
        "PLL,ACET": [
            6.7466856695002635,
            3.8702214495682226
        ],
        "MLCO,WYNN": [
            5.684555832283499,
            0.11600415629999425
        ],
        "CLDX,FSK": [
            4.2562194101260555,
            2.0133855561106984
        ],
        "MDB,TEAM": [
            3.3653484285830775,
            1.2882757747753337
        ],
        "META,TSLA": [
            3.1826164324307213,
            0.6760431174204081
        ],
        "FE,FBP": [
            2.5831694964023337,
            2.903380656958631
        ],
        "NVDA,CRM": [
            2.2684383581097554,
            1.194638306925401
        ],
        "PATK,THO": [
            2.253476699653297,
            0.688073822593126
        ],
        "AVGO,ACN": [
            2.1307217865527823,
            1.8707120102285937
        ],
        "FFWM,F": [
            2.0471445335281295,
            1.057203821410346
        ],
        "EAT,BJRI": [
            2.016061885149503,
            1.1266340164835267
        ]
    }
}