{
    "time": "2022-12-23",
    "final_pairs": {
        "IMAX,CNK": [
            2.2932393086438925,
            1.3386811028486603
        ],
        "META,TSLA": [
            2.218725345312752,
            0.7168957458827444
        ],
        "FLL,CZR": [
            2.1880048707349737,
            0.1583065389171876
        ],
        "INVA,COHR": [
            1.878383446873433,
            0.3702861791650318
        ],
        "CLDT,PEB": [
            1.875233294424684,
            0.8523616164877772
        ],
        "PRIM,AMAL": [
            1.861204929384014,
            0.8544638989640047
        ],
        "TFSL,CIM": [
            1.7437116902889929,
            2.1367393941723396
        ],
        "TAK,CWEN": [
            1.724149906199408,
            0.4456161835056441
        ],
        "WTM,CMG": [
            1.7149322382279637,
            0.8964765951450098
        ],
        "SPR,SABR": [
            1.7094256134094932,
            4.579302026971355
        ],
        "PBF,CVI": [
            1.645021630046076,
            1.1562940442181824
        ],
        "CVE,SM": [
            1.6279450933806718,
            0.501472203715142
        ],
        "SAND,RBC": [
            1.6196783988959174,
            0.023684350006173038
        ],
        "PATK,THO": [
            1.5746530911704928,
            0.7085022200459855
        ],
        "MDB,TEAM": [
            1.5715812757675331,
            1.3265031798645168
        ],
        "SO,BCE": [
            1.5442572181989092,
            1.5154780878176075
        ],
        "TRTN,INN": [
            1.5296229506543932,
            8.547052040945118
        ],
        "HOV,NTB": [
            1.4922228200085506,
            1.4170623937919562
        ],
        "AU,GFI": [
            1.3822126515697901,
            1.740595269303973
        ],
        "BOX,HRB": [
            1.3474003791378297,
            0.7148614498330398
        ],
        "NVO,ZTS": [
            1.3345319195270946,
            0.8574074712233685
        ],
        "SJW,CWT": [
            1.3229438492331669,
            1.2369811990124386
        ],
        "TOL,RCII": [
            1.257335176157936,
            2.130476235471238
        ],
        "EVRG,ACA": [
            1.2250441143824882,
            1.0484633289070777
        ],
        "CLDX,FSK": [
            1.2101422957450136,
            2.1264446743511707
        ],
        "PLL,ACET": [
            1.1804030420340699,
            4.198859518833011
        ],
        "MPC,DINO": [
            1.1418226089425483,
            2.134324314547495
        ],
        "VGR,UVV": [
            1.073267017856389,
            0.2039405572190226
        ],
        "TAL,EDU": [
            1.0598592288370816,
            0.20724365202537348
        ],
        "PFBC,VBTX": [
            1.0555511913353468,
            2.480599411700701
        ],
        "COGT,KODK": [
            1.0202031742372468,
            3.2038793301205817
        ],
        "AVGO,COST": [
            1.0097938579025878,
            1.1151506543711402
        ]
    }
}