{
    "time": "2023-02-16",
    "final_pairs": {
        "TSLA,GOOG": 4.948032962559,
        "DHT,EURN": 4.886588151125963,
        "MRCY,CMP": 4.247929130884207,
        "RPD,WRLD": 3.734981671703521,
        "META,GOOGL": 3.685833650417297,
        "RRX,RGLD": 3.3379311229401996,
        "NVDA,AMZN": 3.1417025883863663,
        "CMCM,BCH": 2.789555718090323,
        "CEVA,SBSW": 2.7809471619412975,
        "HP,PDS": 2.7399353067165775,
        "MNTV,SNDX": 2.666678534975968,
        "PVH,CPRI": 2.599231735987786,
        "BYD,PENN": 2.566226497545204,
        "SKY,CVCO": 2.412823912396819,
        "GPN,FIS": 2.317107918658419,
        "KODK,COGT": 2.2438851320663167,
        "BSAC,CIB": 2.032923507519225,
        "SLAB,TER": 2.022402331781911,
        "ON,NXPI": 1.9610077245123134,
        "NVT,WAB": 1.9582862726240589,
        "LSI,CUBE": 1.930930829383891,
        "ROCC,DVN": 1.883582392744408,
        "CBU,ARR": 1.7845227326110569,
        "IBTX,GLPG": 1.6607894781675807,
        "GGAL,MMYT": 1.650508145486316,
        "LPL,KT": 1.6070322504008756,
        "FTS,BKH": 1.5734468079676625,
        "APTV,ALEX": 1.5315309015297929,
        "AZO,TPL": 1.4040338945977382,
        "COHR,TRTN": 1.3877476249048502,
        "URI,HRI": 1.3667428762785039,
        "MBIN,KREF": 1.353812309015287,
        "PGR,CIM": 1.3407108792923426,
        "FCF,HTLF": 1.3146776437662395,
        "BKR,BIOX": 1.313103158883407,
        "MO,LVS": 1.2333615849181319,
        "HSY,GIS": 1.2176811121734015,
        "STNG,INSW": 1.2124947937858368,
        "X,CLF": 1.0829230233028293,
        "PKX,EC": 1.0761040797667605,
        "AGI,KGC": 1.052188705861818,
        "AEO,TDS": 1.0475019980953029
    }
}