{
    "IMAX,CNK": 1.3214781210741031,
    "TFSL,CIM": 2.125285578211406,
    "QFIN,FINV": 3.534204034009583,
    "VGR,UVV": 0.20281368193732374,
    "AU,GFI": 1.7309422443099172,
    "FLL,CZR": 0.157014307369987,
    "CLDT,PEB": 0.8457203779232582,
    "INVA,COHR": 0.36815311861558786,
    "TAL,EDU": 0.20597281641823503,
    "PRIM,AMAL": 0.8496149176978814,
    "CVE,SM": 0.49748364079304447,
    "TAK,CWEN": 0.44163919369107985,
    "SAND,RBC": 0.023502546508400047,
    "ATCO,OBNK": 0.3988068857507451,
    "COGT,KODK": 3.155919314518672,
    "MLCO,WYNN": 0.12060150046344058
}
