{
    "MNTV,MSGS": 3.2052793680993332,
    "KODK,COGT": 2.2284540741739027,
    "CZNC,CAC": 1.662807564250514,
    "ACEL,FLL": 1.6591522104632033,
    "WES,ERF": 1.6261568177284664,
    "LPL,EC": 1.5881365833792451,
    "SABR,SPR": 1.511045310855473,
    "RBB,WTBA": 1.510070563833513,
    "FRO,INSW": 1.438307968345203,
    "IGIC,FPAC": 1.318798192795628,
    "GDS,TME": 1.3065433433139335,
    "TSE,CDMO": 1.1286120789722476,
    "FLIC,NFBK": 1.1010443933012808,
    "SBSW,CMP": 1.066271798286937,
    "CNTY,PENN": 3.2773353241597123,
    "AEO,TDS": 3.008730417857823,
    "OWL,FNV": 2.755964323798454,
    "CNK,ORC": 1.2819064133526317,
    "FCF,HTLF": 1.2829145972297908,
    "DHT,EURN": 4.107492659614395,
    "GOOS,HBI": 2.4844698396318288,
    "BSAC,CIB": 1.096314642346672,
    "AGI,BTG": 1.6423029209740299,
    "CMCM,BCH": 1.188009547321623,
    "ZTO,JD": 1.1082511098607175
}