{
    "PLL,ACET": 3.8702214495682226,
    "MLCO,WYNN": 0.11600415629999425,
    "CLDX,FSK": 2.0133855561106984,
    "FE,FBP": 2.903380656958631,
    "PATK,THO": 0.688073822593126,
    "FFWM,F": 1.057203821410346
}