{
    "PLL,ACET": 3.9726377953213072,
    "MLCO,WYNN": 0.11796010996787923,
    "CLDX,FSK": 2.049304609136974,
    "FE,FBP": 2.9346111321294606,
    "PATK,THO": 0.6936912741865744,
    "FFWM,F": 1.0668167193543947
}