{
    "CIM,PTMN": 4.3696120500324085,
    "WES,SM": 3.9194960903831215,
    "GGAL,MMYT": 3.8571578728797515,
    "SHYF,DBRG": 3.3689283302538477,
    "GDS,TME": 3.0974388986881145,
    "CENX,AA": 2.768857493829979,
    "TSE,CDMO": 2.030626303101398,
    "SAND,GRC": 1.9345264530178052,
    "PEAK,NXRT": 1.8215707754650112,
    "ACEL,PENN": 1.6887182686233666,
    "CLF,X": 1.6316866828365395,
    "UE,SITC": 1.603952164331,
    "ACGLO,FITBI": 1.5051417226530672,
    "CCL,NCLH": 1.3872290300388657,
    "DHT,TNK": 1.2670358703108127,
    "VGR,TAP": 1.0275034052384933,
    "AVNT,INDT": 2.915150324598084
}