{
    "ODFL,SAIA": 1.306485842869066,
    "PK,XHR": 0.8104083796530761,
    "RRC,EQT": 0.6831222163732905,
    "CLBK,CATC": 0.2521687165776853,
    "SBRA,LTC": 0.33373755903056046,
    "HE,BKH": 0.5739308335161579,
    "FISI,HBNC": 1.4902185220015398,
    "ALBO,IBTX": 0.3333719538294982,
    "STWD,BXMT": 0.8438225384844433,
    "CPE,MOS": 0.8300958221413463
}