{
    "IMAX,CNK": 1.3167030982929013,
    "FFWM,F": 1.0782760947787788,
    "TFSL,CIM": 2.125906867189425,
    "PBF,CVI": 1.1500468575334652,
    "QFIN,FINV": 3.542761939930572,
    "VGR,UVV": 0.2028646084687579,
    "FE,FBP": 2.9716480253490873,
    "AU,GFI": 1.7310795312621838,
    "FLL,GDEN": 0.18402832379333176
}