{
    "MNTV,MSGS": 0.09756459162609815,
    "KODK,COGT": 0.09756459162609815,
    "CZNC,CAC": 0.09756459162609815,
    "ACEL,FLL": 0.09756459162609815,
    "WES,ERF": 0.09756459162609815,
    "LPL,EC": 0.09756459162609815,
    "RBB,WTBA": 0.09756459162609815,
    "FRO,INSW": 0.09756459162609815,
    "IGIC,FPAC": 0.09756459162609815,
    "GDS,TME": 0.09756459162609815,
    "TSE,CDMO": 0.09756459162609815,
    "FLIC,NFBK": 0.09756459162609815,
    "SBSW,CMP": 0.09756459162609815,
    "CNTY,PENN": 0.09756459162609815,
    "OWL,FNV": 0.09756459162609815,
    "CNK,ORC": 0.09756459162609815,
    "FCF,HTLF": 0.09756459162609815,
    "DHT,EURN": 0.09756459162609815,
    "GOOS,HBI": 0.09756459162609815,
    "BSAC,CIB": 0.09756459162609815,
    "AGI,BTG": 0.09756459162609815,
    "CMCM,BCH": 0.09756459162609815,
    "ZTO,JD": 0.09756459162609815,
    "PUMP,PTEN": 0.09756459162609815,
    "OIS,CLB": 0.09756459162609815,
    "RPD,WRLD": 0.09756459162609815,
    "HP,PDS": 0.09756459162609815,
    "NVT,WAB": 0.09756459162609815,
    "ROCC,DVN": 0.09756459162609815,
    "CBU,ARR": 0.09756459162609815,
    "IBTX,GLPG": 0.09756459162609815,
    "GGAL,MMYT": 0.09756459162609815,
    "FTS,BKH": 0.09756459162609815,
    "COHR,TRTN": 0.09756459162609815
}