{
    "MLCO,WYNN": 4.8646873362563925,
    "CLDT,PEB": 1.0988719514041776,
    "TFSL,CIM": 2.6645681635140526,
    "QFIN,FINV": 2.20844537176258,
    "FLL,CZR": 2.0853987435302512,
    "CCU,UVV": 2.0591157066020647,
    "CVE,SM": 1.7645694814878934,
    "TAK,CWEN": 1.625960917151463,
    "VGR,TAP": 1.4163951638255998,
    "TDS,AEO": 1.4051782109764133,
    "PRIM,AMAL": 1.4043396676936126,
    "SAND,RBC": 1.1581648644998306,
    "BRSP,DBRG": 1.140595756097884,
    "FANH,MOMO": 1.1021768729878567,
    "GDS,TME": 3.0974388986881145,
    "CENX,AA": 2.768857493829979,
    "TAL,EDU": 2.1769995564155113,
    "ACEL,PENN": 1.6887182686233666,
    "CLF,X": 1.6316866828365395,
    "UE,SITC": 1.603952164331,
    "ACGLO,FITBI": 1.5051417226530672
}